1,berücksichtigen,hisobga olmoq,unutmoq,qochmoq
2,zuverlässig,ishonchli,qo‘pol,zerikarli
3,die Voraussetzung,shart,telefon,sumka
4,trotzdem,shunga qaramay,hech qachon,erta
5,sich bemühen,harakat qilmoq,dam olmoq,yashirmoq
6,interessiert,qiziqqan,befarq,asabiy
7,die Verantwortung,mas’uliyat,stul,qalam
8,gelegentlich,ba’zida,doimo,ertalab
9,vermeiden,oldini olmoq,takrorlamoq,sotmoq
10,höflich,xushmuomala,qo‘pol,dangasa
11,die Entscheidung,qaror,mashina,oyna
12,deshalb,shu sababli,bekordan-bekorga,kecha
13,beeinflussen,ta’sir qilmoq,unutmoq,to‘xtamoq
14,praktisch,qulay,noqulay,qimmat
15,die Erfahrung,tajriba,sumka,telefon
16,inzwischen,shu orada,avval,kamdan-kam
17,unterstützen,qo‘llab-quvvatlamoq,tashlab ketmoq,sakrash
18,selbstbewusst,o‘ziga ishongan,uyatchan,zerikarli
19,die Möglichkeit,imkoniyat,oy,muz
20,außerdem,bundan tashqari,umuman,kecha
21,mitteilen,xabar bermoq,berkitmoq,qochmoq
22,geduldig,sabrli,sabrsiz,beparvo
23,die Herausforderung,qiyinchilik,gul,stakan
24,normalerweise,odatda,hech qachon,to‘satdan
25,beantragen,ariza topshirmoq,yashirmoq,sotib olmoq
26,anstrengend,mashaqqatli,oson,shirin
27,die Unterkunft,turar joy,telefon,mashina
28,immerhin,hech bo‘lmasa,umuman,ertalab
29,teilnehmen,qatnashmoq,uxlamoq,qochmoq
30,freundlich,xushmuomala,qo‘pol,qattiqqo‘l
31,der Fortschritt,rivojlanish,oyna,qalam
32,täglich,har kuni,hech qachon,ba’zida
33,entscheiden,qaror qilmoq,ikkilanmoq,yashirmoq
34,kompliziert,murakkab,oson,yumshoq
35,die Anmeldung,ro‘yxatdan o‘tish,muz,telefon
36,übrigens,aytgancha,umuman,kechqurun
37,vergleichen,taqqoslamoq,ajratmoq,to‘xtatmoq
38,aktiv,faol,dangasa,qattiq
39,die Bewerbung,ariza,stul,sumka
40,manchmal,ba’zida,har doim,ertalab
41,beschreiben,tavsiflamoq,yashirmoq,unutmoq
42,bequem,qulay,noqulay,sovuq
43,der Nebenjob,qo‘shimcha ish,mashina,gul
44,plötzlich,to‘satdan,sekin,har kuni
45,empfehlen,tavsiya qilmoq,taqiqlamoq,sotmoq
46,glücklich,baxtli,xafa,befarq
47,die Zahlungsmethode,to‘lov usuli,qalam,telefon
48,daher,shu sababli,hech qachon,ertasiga
49,begründen,asoslamoq,bekor qilmoq,to‘ldirmoq
50,fair,adolatli,adolatsiz,zerikarli
51,tatsächlich,haqiqatda,umuman,kamdan-kam
52,verbessern,yaxshilamoq,buzmoq,qoldirmoq
53,ängstlich,qo‘rqoq,xotirjam,jasur
54,der Ansprechpartner,aloqa shaxsi,stakan,oyna
55,mittlerweile,hozirgacha,avval,kecha
56,überprüfen,tekshirmoq,taxmin qilmoq,sotib olmoq
57,nützlich,foydali,zararli,baland
58,die Aufenthaltserlaubnis,yashash ruxsati,mashina,telefon
59,wenigstens,hech bo‘lmasa,umuman,ertalab
60,verändern,o‘zgartirmoq,saqlamoq,berkitmoq
61,ruhig,tinch,shovqinli,tez
62,die Berufsausbildung,kasbiy ta’lim,qalam,muz
63,anders,boshqacha,bir xil,hech qachon
64,anerkennen,tan olmoq,inkor qilmoq,qochmoq
65,interessant,qiziqarli,zerikarli,sovuq
66,die Freizeitaktivität,bo‘sh vaqt mashg‘uloti,sumka,oyna
67,nämlich,ya’ni,umuman,kecha
68,besprechen,muhokama qilmoq,berkitmoq,unutmoq
69,genervt,jahli chiqqan,xursand,tinch
70,der Kontostand,hisob balansi,telefon,stul
71,gewöhnlich,odatdagi,g‘alati,qimmat
72,entwickeln,rivojlantirmoq,kamaytirmoq,sotmoq
73,offen,ochiq,yopiq,qorong‘i
74,das Umweltproblem,ekologik muammo,muz,gul
75,folglich,natijada,bekordan-bekorga,ertalab
76,erklären,tushuntirmoq,rad qilmoq,berkitmoq
77,chaotisch,tartibsiz,tartibli,oson
78,das Verkehrsmittel,transport vositasi,telefon,sumka
79,gelegentlich,ba’zida,har kuni,ertalab
80,informieren,ma’lumot bermoq,yashirmoq,qochmoq
81,hilfsbereit,yordamchi,qo‘pol,dangasa
82,das Bildungszentrum,ta’lim markazi,mashina,oy
83,anders,boshqacha,doimiy,kechqurun
84,übernehmen,o‘z zimmasiga olmoq,rad etmoq,sakrash
85,persönlich,shaxsiy,rasmiy,qattiq
86,das Onlineformular,onlayn forma,stul,qalam
87,normalerweise,odatda,hech qachon,to‘satdan
88,feststellen,aniqlamoq,yashirmoq,sotmoq
89,beschäftigt,band,bo‘sh,sokin
90,das Fitnessprogramm,fitness dasturi,muz,telefon
91,plötzlich,to‘satdan,sekin,kamdan-kam
92,verzichten,voz kechmoq,taklif qilmoq,chaqirmoq
93,merkwürdig,g‘alati,oddiy,zerikarli
94,das Kulturzentrum,madaniyat markazi,sumka,oyna
95,übrigens,aytgancha,umuman,erta
96,erledigen,bajarmoq,kechiktirmoq,qochmoq
97,genügend,yetarli,kam,qimmat
98,das Krankenhauszimmer,kasalxona xonasi,mashina,gul
99,trotzdem,shunga qaramay,umuman,hech qachon
100,vereinbaren,kelishib olmoq,bekor qilmoq,sotmoq
101,humorvoll,hazilkash,jiddiy,asabiy
102,das Bürgerbüro,fuqarolar byurosi,telefon,stul
103,besonders,ayniqsa,umuman,ertasiga
104,anbieten,taklif qilmoq,yashirmoq,qochmoq
105,zuverlässig,ishonchli,aldamchi,qattiqqo‘l
106,das Reisebüro,sayohat agentligi,muz,qalam
107,gelegentlich,ba’zida,doimo,ertalab
108,umtauschen,almashtirmoq,sotib olmoq,berkitmoq
109,aufmerksam,e’tiborli,beparvo,zerikarli
110,das Computergeschäft,kompyuter do‘koni,oyna,sumka
111,daher,shu sababli,umuman,kechqurun
112,verschieben,keyinga surmoq,tezlashtirmoq,unutmoq
113,seltsam,g‘alati,oddiy,faol
114,die Arbeitslosigkeit,ishsizlik,muz,telefon
115,täglich,har kuni,hech qachon,ba’zida
116,ankündigen,e’lon qilmoq,yashirmoq,sotmoq
117,hilfreich,yordam beruvchi,zararli,sovuq
118,die Reiseversicherung,sayohat sug‘urtasi,qalam,stul
119,manchmal,ba’zida,doimo,kecha
120,nachfragen,qayta so‘ramoq,jim turmoq,qochmoq
121,selbstständig,mustaqil,qaram,uyatchan
122,die Wettervorhersage,ob-havo prognozi,sumka,mashina
123,deshalb,shu sababli,bekordan-bekorga,ertalab
124,beanstanden,e’tiroz bildirmoq,maqtamoq,unutmoq
125,begeistert,juda xursand,xafa,zerikarli
126,die Informationsseite,ma’lumot sahifasi,oy,muz
127,inzwischen,shu orada,avval,hech qachon
128,vorbereiten,tayyorlamoq,buzmoq,uxlamoq
129,vorsichtig,ehtiyotkor,beparvo,jasur
130,die Familienfeier,oilaviy bayram,telefon,stakan
131,anders,boshqacha,bir xil,erta
132,erlauben,ruxsat bermoq,taqiqlamoq,qochmoq
133,unmöglich,imkonsiz,mumkin,oddiy
134,der Einkaufswagen,xarid aravachasi,oyna,sumka
135,mittlerweile,hozirgacha,avval,kechqurun
136,verbieten,taqiqlamoq,ruxsat bermoq,unutmoq
137,praktisch,qulay,noqulay,zerikarli
138,das Bahnticket,poyezd bileti,muz,qalam
139,außerdem,bundan tashqari,umuman,ertalab
140,erwarten,kutmoq,qochmoq,to‘xtamoq
141,streng,qattiqqo‘l,yumshoq,mehribon
142,das Gesundheitszentrum,sog‘liq markazi,sumka,telefon
143,daher,shu sababli,hech qachon,kecha
144,vermitteln,vositachilik qilmoq,yashirmoq,sotmoq
145,freundlich,xushmuomala,qo‘pol,asabiy
146,das Lebensmittelgeschäft,oziq-ovqat do‘koni,oy,muz
147,plötzlich,to‘satdan,sekin,doimo
148,unterbrechen,bo‘lmoq,davom ettirmoq,kulmoq
149,kompliziert,murakkab,oson,yengil
150,der Kundenservice,mijozlar xizmati,qalam,telefon
151,immerhin,hech bo‘lmasa,umuman,ertalab
152,beobachten,kuzatmoq,yopmoq,sotmoq
153,glücklich,baxtli,xafa,asabiy
154,das Sprachzertifikat,til sertifikati,stul,sumka
155,gelegentlich,ba’zida,hech qachon,doimo
156,erinnern,eslatmoq,unutmoq,berkitmoq
157,anstrengend,mashaqqatli,oson,qulay
158,die Reiseplanung,sayohat rejasi,muz,oyna
159,übrigens,aytgancha,umuman,kecha
160,begegnen,uchratmoq,qochirmoq,to‘xtamoq
161,praktisch,qulay,noqulay,qimmat
162,die Besprechung,uchrashuv,telefon,gul
163,anders,boshqacha,bir xil,hech qachon
164,abholen,olib ketmoq,tashlab ketmoq,sakrash
165,bequem,qulay,noqulay,sovuq
166,der Fahrradfahrer,velosipedchi,qalam,oy
167,mittlerweile,hozirgacha,avval,erta
168,mitbringen,olib kelmoq,yashirmoq,qochmoq
169,fair,adolatli,adolatsiz,qattiqqo‘l
170,das Bahnhofsgebäude,vokzal binosi,telefon,sumka
171,deswegen,shu sababli,umuman,kechqurun
172,weitergeben,uzatmoq,berkitmoq,to‘xtatmoq
173,interessiert,qiziqqan,befarq,zerikarli
174,der Campingplatz,kemping joyi,muz,gul
175,normalerweise,odatda,hech qachon,ba’zida
176,vorhaben,rejalashtirmoq,bekor qilmoq,qochmoq
177,aktiv,faol,dangasa,uyatchan
178,die Dienstleistung,xizmat,qalam,telefon
179,gelegentlich,ba’zida,doimo,hech qachon
180,überraschen,hayratlantirmoq,xafa qilmoq,unutmoq
181,höflich,xushmuomala,qo‘pol,beparvo
182,das Einkaufserlebnis,xarid tajribasi,sumka,oyna
183,manchmal,ba’zida,har doim,kecha
184,nachdenken,o‘ylab ko‘rmoq,sotib olmoq,berkitmoq
185,selbstbewusst,o‘ziga ishongan,uyatchan,qattiqqo‘l
186,der Ferienort,dam olish joyi,muz,telefon
187,außerdem,bundan tashqari,umuman,ertalab
188,diskutieren,muhokama qilmoq,jim turmoq,qochmoq
189,nützlich,foydali,zararli,zerikarli
190,die Gepäckaufbewahrung,yuk saqlash joyi,stul,gul
191,daher,shu sababli,hech qachon,kecha
192,mitarbeiten,hamkorlik qilmoq,qochib ketmoq,sotmoq
193,ruhig,tinch,shovqinli,tez
194,das Haushaltsgerät,uy jihozi,telefon,qalam
195,übrigens,aytgancha,umuman,ertalab
196,vergleichen,taqqoslamoq,ajratmoq,yashirmoq
197,ängstlich,qo‘rqoq,xotirjam,jasur
198,der Kinobesuch,kino tashrifi,muz,sumka
199,täglich,har kuni,hech qachon,kamdan-kam
200,mitkommen,birga kelmoq,qochib ketmoq,unutmoq
201,beruflich,kasbiy,shaxsiy,uyatchan
202,sich verhalten,o‘zini tutmoq,qochib ketmoq,unutmoq
203,die Fähigkeit,qobiliyat,telefon,oyna
204,andernfalls,aks holda,hech qachon,ertalab
205,zuversichtlich,ishonchli,umidsiz,qo‘pol
206,behandeln,munosabatda bo‘lmoq,yashirmoq,sotmoq
207,der Zusammenhang,bog‘liqlik,muz,qalam
208,folglich,natijada,umuman,kechqurun
209,verantwortungsbewusst,mas’uliyatli,beparvo,zerikarli
210,sich einigen,kelishmoq,bekor qilmoq,qochmoq
211,die Voraussetzung,shart,sumka,telefon
212,einerseits,bir tomondan,hech qachon,to‘satdan
213,beeinflussen,ta’sir qilmoq,unutmoq,berkitmoq
214,entspannt,xotirjam,asabiy,qattiqqo‘l
215,der Nachteil,kamchilik,mashina,oy
216,dennoch,shunga qaramay,doimo,kecha
217,berücksichtigen,hisobga olmoq,rad qilmoq,sakrash
218,selbstständig,mustaqil,qaram,uyatchan
219,die Verpflichtung,majburiyat,stul,gul
220,meistens,ko‘pincha,hech qachon,ertalab
221,sich beschäftigen,shug‘ullanmoq,qochmoq,sotmoq
222,überrascht,hayratlangan,befarq,zerikarli
223,der Fortschritt,rivojlanish,qalam,telefon
224,allerdings,biroq,umuman,har kuni
225,vermeiden,oldini olmoq,takrorlamoq,berkitmoq
226,zuverlässig,ishonchli,aldamchi,qo‘pol
227,die Erfahrung,tajriba,muz,sumka
228,tatsächlich,haqiqatda,hech qachon,kechqurun
229,anpassen,moslashmoq,qochmoq,unutmoq
230,geduldig,sabrli,sabrsiz,befarq
231,der Einfluss,ta’sir,oyna,stakan
232,außerdem,bundan tashqari,umuman,erta
233,sich bemühen,harakat qilmoq,uxlamoq,sotib olmoq
234,kompliziert,murakkab,oson,shirin
235,die Umgebung,atrof-muhit,mashina,gul
236,wahrscheinlich,ehtimol,hech qachon,kecha
237,unterstützen,qo‘llab-quvvatlamoq,tashlab ketmoq,qochmoq
238,offen,ochiq,yopiq,qorong‘i
239,die Entwicklung,rivojlanish,sumka,telefon
240,anderserseits,boshqa tomondan,doimo,ertalab
241,mitteilen,xabar bermoq,yashirmoq,unutmoq
242,aufmerksam,e’tiborli,beparvo,zerikarli
243,der Vorteil,afzallik,oy,muz
244,deswegen,shu sababli,umuman,to‘satdan
245,sich entscheiden,qaror qilmoq,ikkilanmoq,qochmoq
246,fair,adolatli,adolatsiz,qattiqqo‘l
247,die Möglichkeit,imkoniyat,telefon,qalam
248,gelegentlich,ba’zida,har kuni,kecha
249,vergleichen,taqqoslamoq,ajratmoq,sotmoq
250,anstrengend,mashaqqatli,oson,qulay
251,der Bereich,soha,muz,oyna
252,daher,shu sababli,umuman,ertalab
253,entwickeln,rivojlantirmoq,kamaytirmoq,berkitmoq
254,interessiert,qiziqqan,befarq,asabiy
255,die Verantwortung,mas’uliyat,sumka,telefon
256,normalerweise,odatda,hech qachon,kecha
257,beantragen,ariza topshirmoq,qochmoq,unutmoq
258,nützlich,foydali,zararli,zerikarli
259,der Vergleich,taqqoslash,mashina,oy
260,inzwischen,shu orada,doimo,ertalab
261,erreichen,erishmoq,yo‘qotmoq,sotmoq
262,freundlich,xushmuomala,qo‘pol,asabiy
263,die Beziehung,munosabat,muz,gul
264,trotzdem,shunga qaramay,umuman,hech qachon
265,sich vorbereiten,tayyorlanmoq,uxlamoq,qochmoq
266,kritisch,tanqidiy,befarq,yumshoq
267,der Unterschied,farq,telefon,qalam
268,übrigens,aytgancha,doimo,kechqurun
269,verändern,o‘zgartirmoq,saqlamoq,unutmoq
270,seltsam,g‘alati,oddiy,zerikarli
271,die Gelegenheit,imkoniyat,mashina,sumka
272,mittlerweile,hozirgacha,hech qachon,erta
273,verbessern,yaxshilamoq,buzmoq,qochmoq
274,aktiv,faol,dangasa,uyatchan
275,der Zustand,holat,oy,muz
276,besonders,ayniqsa,umuman,kecha
277,erwarten,kutmoq,sotib olmoq,berkitmoq
278,entschlossen,qat’iyatli,ikkilanuvchi,qo‘rqoq
279,die Herausforderung,qiyinchilik,qalam,telefon
280,deshalb,shu sababli,hech qachon,ertalab
281,diskutieren,muhokama qilmoq,jim turmoq,qochmoq
282,hilfreich,yordam beruvchi,zararli,qo‘pol
283,der Eindruck,taassurot,muz,oyna
284,manchmal,ba’zida,doimo,to‘satdan
285,verzichten,voz kechmoq,taklif qilmoq,unutmoq
286,ruhig,tinch,shovqinli,tez
287,die Auswahl,tanlov,sumka,telefon
288,andererseits,boshqa tomondan,umuman,erta
289,sich konzentrieren,diqqatni jamlamoq,qochmoq,sotmoq
290,erfolgreich,muvaffaqiyatli,muvaffaqiyatsiz,befarq
291,der Vorschlag,taklif,mashina,oy
292,folglich,natijada,hech qachon,kecha
293,begründen,asoslamoq,bekor qilmoq,berkitmoq
294,verantwortlich,mas’uliyatli,beparvo,zerikarli
295,die Meinung,fikr,muz,gul
296,beispielsweise,masalan,umuman,ertalab
297,sich interessieren,qiziqmoq,unutmoq,qochmoq
298,vorsichtig,ehtiyotkor,beparvo,qattiqqo‘l
299,der Nachweis,isbot,telefon,qalam
300,plötzlich,to‘satdan,sekin,hech qachon
301,empfehlen,tavsiya qilmoq,taqiqlamoq,sotmoq
302,selbstbewusst,o‘ziga ishongan,uyatchan,befarq
303,die Bewerbung,ariza,mashina,sumka
304,täglich,har kuni,doimo,kecha
305,sich beschweren,shikoyat qilmoq,maqtamoq,qochmoq
306,hilfsbereit,yordamchi,qo‘pol,dangasa
307,der Gedanke,fikr,oy,muz
308,anders,boshqacha,bir xil,erta
309,anerkennen,tan olmoq,inkor qilmoq,unutmoq
310,kompliziert,murakkab,oson,oddiy
311,die Wirkung,ta’sir,telefon,qalam
312,wenigstens,hech bo‘lmasa,umuman,to‘satdan
313,sich verabreden,uchrashishga kelishmoq,qochmoq,sotmoq
314,interessant,qiziqarli,zerikarli,sovuq
315,der Zusammenhang,bog‘liqlik,muz,oyna
316,tatsächlich,haqiqatda,hech qachon,kecha
317,überprüfen,tekshirmoq,yashirmoq,berkitmoq
318,bequem,qulay,noqulay,qimmat
319,die Voraussetzung,shart,sumka,telefon
320,andernfalls,aks holda,doimo,erta
321,teilnehmen,qatnashmoq,qochmoq,uxlamoq
322,glücklich,baxtli,xafa,asabiy
323,der Fortschritt,rivojlanish,mashina,oy
324,üblicherweise,odatda,hech qachon,to‘satdan
325,mitarbeiten,hamkorlik qilmoq,sotib olmoq,unutmoq
326,genervt,jahli chiqqan,xotirjam,zerikarli
327,die Unterstützung,yordam,muz,gul
328,deswegen,shu sababli,umuman,kecha
329,vermitteln,vositachilik qilmoq,yashirmoq,qochmoq
330,streng,qattiqqo‘l,yumshoq,mehribon
331,der Anlass,sabab,telefon,qalam
332,gelegentlich,ba’zida,doimo,ertalab
333,sich äußern,fikr bildirmoq,jim turmoq,sotmoq
334,wahnsinnig,juda kuchli,oddiy,befarq
335,die Veränderung,o‘zgarish,oyna,sumka
336,daher,shu sababli,hech qachon,kechqurun
337,verbieten,taqiqlamoq,ruxsat bermoq,unutmoq
338,humorvoll,hazilkash,jiddiy,asabiy
339,der Nachteil,kamchilik,mashina,muz
340,besonders,ayniqsa,umuman,erta
341,sich verbessern,yaxshilanmoq,qochmoq,sotmoq
342,überzeugend,ishonarli,ishonchsiz,zerikarli
343,die Erfahrung,tajriba,telefon,qalam
344,mittags,tush payti,kechasi,ertalab
345,erklären,tushuntirmoq,berkitmoq,unutmoq
346,geduldig,sabrli,sabrsiz,qo‘pol
347,der Eindruck,taassurot,sumka,muz
348,folglich,natijada,umuman,kecha
349,sich anpassen,moslashmoq,qochmoq,sotmoq
350,auffällig,ajralib turuvchi,oddiy,befarq
351,die Entscheidung,qaror,oyna,telefon
352,anderserseits,boshqa tomondan,hech qachon,ertalab
353,erledigen,bajarmoq,kechiktirmoq,unutmoq
354,selbstverständlich,tabiiyki,umuman emas,qattiqqo‘l
355,der Einfluss,ta’sir,muz,qalam
356,übrigens,aytgancha,doimo,kecha
357,diskutieren,muhokama qilmoq,jim turmoq,sakrash
358,verlässlich,ishonchli,aldamchi,qo‘pol
359,die Umgebung,atrof-muhit,sumka,telefon
360,deshalb,shu sababli,umuman,to‘satdan
361,nachdenken,o‘ylab ko‘rmoq,sotib olmoq,qochmoq
362,kritisch,tanqidiy,befarq,yumshoq
363,der Zustand,holat,mashina,oy
364,allerdings,biroq,hech qachon,ertalab
365,begegnen,uchratmoq,berkitmoq,unutmoq
366,zufrieden,mamnun,norozi,asabiy
367,die Verantwortung,mas’uliyat,muz,gul
368,normalerweise,odatda,umuman,kecha
369,unterbrechen,bo‘lmoq,davom ettirmoq,sotmoq
370,offen,ochiq,yopiq,qorong‘i
371,der Vorteil,afzallik,telefon,oyna
372,anders,boshqacha,bir xil,erta
373,beanstanden,e’tiroz bildirmoq,maqtamoq,qochmoq
374,anstrengend,mashaqqatli,oson,qulay
375,die Beziehung,munosabat,mashina,qalam
376,wenigstens,hech bo‘lmasa,doimo,kecha
377,sich bemühen,harakat qilmoq,uxlamoq,sotmoq
378,nützlich,foydali,zararli,zerikarli
379,der Vorschlag,taklif,muz,sumka
380,daher,shu sababli,hech qachon,erta
381,vergleichen,taqqoslamoq,ajratmoq,berkitmoq
382,entspannt,xotirjam,asabiy,qattiqqo‘l
383,die Verpflichtung,majburiyat,telefon,gul
384,trotzdem,shunga qaramay,umuman,kecha
385,erreichen,erishmoq,yo‘qotmoq,qochmoq
386,aktiv,faol,dangasa,uyatchan
387,der Bereich,soha,oy,muz
388,andernfalls,aks holda,hech qachon,ertalab
389,sich vorbereiten,tayyorlanmoq,uxlamoq,sotmoq
390,hilfreich,yordam beruvchi,zararli,qo‘pol
391,die Meinung,fikr,sumka,qalam
392,beispielsweise,masalan,umuman,to‘satdan
393,mitteilen,xabar bermoq,berkitmoq,unutmoq
394,aufmerksam,e’tiborli,beparvo,zerikarli
395,der Unterschied,farq,muz,telefon
396,üblicherweise,odatda,hech qachon,kecha
397,entwickeln,rivojlantirmoq,kamaytirmoq,sakrash
398,freundlich,xushmuomala,qo‘pol,asabiy
399,die Gelegenheit,imkoniyat,mashina,oyna
400,plötzlich,to‘satdan,sekin,ertalab
401,beitragen,hissa qo‘shmoq,qochmoq,unutmoq
402,überzeugend,ishonarli,ishonchsiz,befarq
403,die Voraussetzung,shart,muz,telefon
404,folglich,natijada,hech qachon,erta
405,sich durchsetzen,o‘z fikrini o‘tkazmoq,sotmoq,berkitmoq
406,verantwortungsbewusst,mas’uliyatli,beparvo,uyatchan
407,der Zusammenhang,bog‘liqlik,sumka,qalam
408,andernfalls,aks holda,umuman,kecha
409,vermitteln,vositachilik qilmoq,qochmoq,sakrash
410,beunruhigt,xavotirlangan,xotirjam,quvnoq
411,eine Entscheidung treffen,qaror qabul qilmoq,sotib olmoq,qochib ketmoq
412,sich äußern,fikr bildirmoq,jim turmoq,unutmoq
413,kritisch,tanqidiy,befarq,yumshoq
414,die Verpflichtung,majburiyat,mashina,oyna
415,üblicherweise,odatda,doimo,to‘satdan
416,unterstützen,qo‘llab-quvvatlamoq,tashlab ketmoq,berkitmoq
417,entspannt,xotirjam,asabiy,qattiqqo‘l
418,der Einfluss,ta’sir,muz,gul
419,beispielsweise,masalan,hech qachon,erta
420,sich konzentrieren,diqqatni jamlamoq,qochmoq,sotmoq
421,hilfreich,yordam beruvchi,zararli,qo‘pol
422,die Gelegenheit,imkoniyat,telefon,qalam
423,allerdings,biroq,umuman,kecha
424,beweisen,isbotlamoq,inkor qilmoq,unutmoq
425,selbstständig,mustaqil,qaram,uyatchan
426,der Unterschied,farq,sumka,muz
427,trotzdem,shunga qaramay,doimo,to‘satdan
428,sich beschweren,shikoyat qilmoq,maqtamoq,qochmoq
429,interessiert,qiziqqan,befarq,zerikarli
430,die Verantwortung,mas’uliyat,mashina,oyna
431,Erfahrung sammeln,tajriba orttirmoq,sotib olmoq,qochib ketmoq
432,entwickeln,rivojlantirmoq,kamaytirmoq,berkitmoq
433,humorvoll,hazilkash,jiddiy,asabiy
434,der Bereich,soha,muz,qalam
435,mittlerweile,hozirgacha,hech qachon,erta
436,beanstanden,e’tiroz bildirmoq,maqtamoq,unutmoq
437,selbstbewusst,o‘ziga ishongan,uyatchan,befarq
438,die Auswahl,tanlov,sumka,telefon
439,anderserseits,boshqa tomondan,umuman,to‘satdan
440,sich vorbereiten,tayyorlanmoq,uxlamoq,qochmoq
441,nützlich,foydali,zararli,zerikarli
442,der Eindruck,taassurot,mashina,gul
443,wahrscheinlich,ehtimol,doimo,kecha
444,verändern,o‘zgartirmoq,saqlamoq,sotmoq
445,auffällig,ajralib turuvchi,oddiy,befarq
446,die Beziehung,munosabat,muz,oyna
447,zur Verfügung stehen,ixtiyorda bo‘lmoq,sotib olmoq,qochib ketmoq
448,diskutieren,muhokama qilmoq,jim turmoq,berkitmoq
449,zuverlässig,ishonchli,aldamchi,qo‘pol
450,der Nachteil,kamchilik,telefon,qalam
451,anders,boshqacha,bir xil,erta
452,sich anpassen,moslashmoq,qochmoq,unutmoq
453,aktiv,faol,dangasa,uyatchan
454,die Wirkung,ta’sir,mashina,sumka
455,deswegen,shu sababli,umuman,to‘satdan
456,anerkennen,tan olmoq,inkor qilmoq,sotmoq
457,kompliziert,murakkab,oson,oddiy
458,der Fortschritt,rivojlanish,muz,qalam
459,beziehungsweise,yoki,hech qachon,kecha
460,sich beschäftigen,shug‘ullanmoq,sakrash,qochmoq
461,zur Verfügung stellen,taqdim etmoq,sotib olmoq,qochib ketmoq
462,erfolgreich,muvaffaqiyatli,muvaffaqiyatsiz,befarq
463,die Meinung,fikr,telefon,oyna
464,gelegentlich,ba’zida,doimo,to‘satdan
465,vergleichen,taqqoslamoq,ajratmoq,berkitmoq
466,vorsichtig,ehtiyotkor,beparvo,jasur
467,der Zustand,holat,muz,gul
468,allmählich,asta-sekin,hech qachon,erta
469,sich einigen,kelishmoq,bekor qilmoq,unutmoq
470,freundlich,xushmuomala,qo‘pol,asabiy
471,die Unterstützung,yordam,sumka,qalam
472,daher,shu sababli,umuman,kecha
473,überprüfen,tekshirmoq,yashirmoq,qochmoq
474,interessant,qiziqarli,zerikarli,sovuq
475,der Vorschlag,taklif,mashina,oyna
476,einen Beitrag leisten,hissa qo‘shmoq,sotib olmoq,qochib ketmoq
477,sich verhalten,o‘zini tutmoq,jim turmoq,berkitmoq
478,begeistert,juda xursand,xafa,befarq
479,die Erfahrung,tajriba,muz,telefon
480,infolgedessen,natijada,hech qachon,to‘satdan
481,vermeiden,oldini olmoq,takrorlamoq,sotmoq
482,offen,ochiq,yopiq,qorong‘i
483,der Anlass,sabab,sumka,qalam
484,anderserseits,boshqa tomondan,umuman,erta
485,sich bemühen,harakat qilmoq,qochmoq,unutmoq
486,genervt,jahli chiqqan,xotirjam,quvnoq
487,die Fähigkeit,qobiliyat,mashina,gul
488,folglich,natijada,doimo,kecha
489,erreichen,erishmoq,yo‘qotmoq,berkitmoq
490,entschlossen,qat’iyatli,ikkilanuvchi,qo‘rqoq
491,der Zusammenhang,bog‘liqlik,muz,oyna
492,zur Kenntnis nehmen,ma’lumot sifatida qabul qilmoq,sotib olmoq,qochib ketmoq
493,mitteilen,xabar bermoq,yashirmoq,unutmoq
494,bequem,qulay,noqulay,qimmat
495,die Verpflichtung,majburiyat,telefon,sumka
496,übrigens,aytgancha,hech qachon,to‘satdan
497,unterbrechen,bo‘lmoq,davom ettirmoq,sotmoq
498,hilfsbereit,yordamchi,qo‘pol,dangasa
499,der Einfluss,ta’sir,muz,qalam
500,tatsächlich,haqiqatda,umuman,erta
501,sich entscheiden,qaror qilmoq,ikkilanmoq,qochmoq
502,anstrengend,mashaqqatli,oson,qulay
503,die Voraussetzung,shart,mashina,gul
504,deshalb,shu sababli,hech qachon,kecha
505,beantragen,ariza topshirmoq,sotib olmoq,unutmoq
506,seltsam,g‘alati,oddiy,befarq
507,der Vorteil,afzallik,sumka,oyna
508,beispielsweise,masalan,umuman,to‘satdan
509,sich konzentrieren,diqqatni jamlamoq,berkitmoq,qochmoq
510,verantwortlich,mas’uliyatli,beparvo,uyatchan
511,einen Eindruck machen,taassurot qoldirmoq,sotib olmoq,qochib ketmoq
512,vermitteln,vositachilik qilmoq,yashirmoq,unutmoq
513,kritisch,tanqidiy,befarq,yumshoq
514,die Beziehung,munosabat,muz,qalam
515,allerdings,biroq,doimo,erta
516,sich vorbereiten,tayyorlanmoq,uxlamoq,sotmoq
517,zuversichtlich,ishonchli,umidsiz,befarq
518,der Fortschritt,rivojlanish,telefon,oyna
519,gelegentlich,ba’zida,hech qachon,kecha
520,diskutieren,muhokama qilmoq,jim turmoq,berkitmoq
521,humorvoll,hazilkash,jiddiy,asabiy
522,die Meinung,fikr,mashina,sumka
523,deswegen,shu sababli,umuman,to‘satdan
524,entwickeln,rivojlantirmoq,kamaytirmoq,unutmoq
525,auffällig,ajralib turuvchi,oddiy,zerikarli
526,der Bereich,soha,muz,qalam
527,in Betracht ziehen,ko‘rib chiqmoq,sotib olmoq,qochib ketmoq
528,vergleichen,taqqoslamoq,ajratmoq,qochmoq
529,entspannt,xotirjam,asabiy,qattiqqo‘l
530,die Gelegenheit,imkoniyat,telefon,gul
531,andernfalls,aks holda,doimo,kecha
532,sich äußern,fikr bildirmoq,jim turmoq,berkitmoq
533,nützlich,foydali,zararli,befarq
534,der Unterschied,farq,sumka,oyna
535,allmählich,asta-sekin,hech qachon,erta
536,beweisen,isbotlamoq,inkor qilmoq,sotmoq
537,selbstständig,mustaqil,qaram,uyatchan
538,die Unterstützung,yordam,muz,qalam
539,wahrscheinlich,ehtimol,umuman,to‘satdan
540,sich beschäftigen,shug‘ullanmoq,qochmoq,unutmoq
541,offen,ochiq,yopiq,qorong‘i
542,der Eindruck,taassurot,mashina,telefon
543,andererseits,boshqa tomondan,hech qachon,kecha
544,unterstützen,qo‘llab-quvvatlamoq,tashlab ketmoq,berkitmoq
545,genervt,jahli chiqqan,xotirjam,quvnoq
546,die Verantwortung,mas’uliyat,muz,oyna
547,Kritik üben,tanqid bildirmoq,sotib olmoq,qochib ketmoq
548,erklären,tushuntirmoq,rad qilmoq,unutmoq
549,interessiert,qiziqqan,befarq,zerikarli
550,der Nachweis,isbot,sumka,qalam
551,beziehungsweise,yoki,umuman,erta
552,sich beschweren,shikoyat qilmoq,maqtamoq,sotmoq
553,freundlich,xushmuomala,qo‘pol,asabiy
554,die Wirkung,ta’sir,muz,gul
555,daher,shu sababli,hech qachon,to‘satdan
556,verbessern,yaxshilamoq,buzmoq,berkitmoq
557,kompliziert,murakkab,oson,befarq
558,der Zustand,holat,telefon,oyna
559,mittlerweile,hozirgacha,doimo,kecha
560,sich einigen,kelishmoq,bekor qilmoq,qochmoq
561,beunruhigt,xavotirlangan,xotirjam,quvnoq
562,die Auswahl,tanlov,mashina,sumka
563,Erfahrung austauschen,tajriba almashmoq,sotib olmoq,qochib ketmoq
564,anerkennen,tan olmoq,inkor qilmoq,unutmoq
565,aktiv,faol,dangasa,uyatchan
566,der Vorschlag,taklif,muz,qalam
567,deshalb,shu sababli,umuman,erta
568,sich anpassen,moslashmoq,qochmoq,sotmoq
569,hilfreich,yordam beruvchi,zararli,qo‘pol
570,die Entwicklung,rivojlanish,telefon,gul
571,trotzdem,shunga qaramay,hech qachon,kecha
572,beanstanden,e’tiroz bildirmoq,maqtamoq,berkitmoq
573,verlässlich,ishonchli,aldamchi,befarq
574,der Zusammenhang,bog‘liqlik,mashina,oyna
575,beispielsweise,masalan,umuman,to‘satdan
576,erreichen,erishmoq,yo‘qotmoq,unutmoq
577,vorsichtig,ehtiyotkor,beparvo,jasur
578,die Fähigkeit,qobiliyat,muz,qalam
579,anders,boshqacha,bir xil,erta
580,sich verhalten,o‘zini tutmoq,qochmoq,sotmoq
581,humorvoll,hazilkash,jiddiy,asabiy
582,der Einfluss,ta’sir,sumka,telefon
583,folglich,natijada,hech qachon,kecha
584,mitteilen,xabar bermoq,yashirmoq,berkitmoq
585,zuverlässig,ishonchli,aldamchi,befarq
586,die Erfahrung,tajriba,mashina,gul
587,zur Verfügung stellen,taqdim etmoq,sotib olmoq,qochib ketmoq
588,verändern,o‘zgartirmoq,saqlamoq,unutmoq
589,interessant,qiziqarli,zerikarli,sovuq
590,der Bereich,soha,muz,oyna
591,allerdings,biroq,umuman,erta
592,sich bemühen,harakat qilmoq,qochmoq,sotmoq
593,begeistert,juda xursand,xafa,befarq
594,die Meinung,fikr,telefon,qalam
595,allmählich,asta-sekin,hech qachon,to‘satdan
596,vergleichen,taqqoslamoq,ajratmoq,berkitmoq
597,entschlossen,qat’iyatli,ikkilanuvchi,qo‘rqoq
598,der Anlass,sabab,muz,sumka
599,daher,shu sababli,umuman,kecha
600,sich vorbereiten,tayyorlanmoq,uxlamoq,unutmoq
601,sich durchsetzen,o‘z fikrini o‘tkazmoq,qochib ketmoq,unutmoq
602,überfordert,o‘ta charchagan,xotirjam,quvnoq
603,die Voraussetzung,shart,muz,telefon
604,infolgedessen,natijada,hech qachon,erta
605,beitragen,hissa qo‘shmoq,sotmoq,berkitmoq
606,verantwortungsbewusst,mas’uliyatli,beparvo,uyatchan
607,der Zusammenhang,bog‘liqlik,sumka,qalam
608,andernfalls,aks holda,umuman,kecha
609,sich engagieren,faol qatnashmoq,qochmoq,sakrash
610,beunruhigt,xavotirlangan,xotirjam,quvnoq
611,einen Beitrag leisten,hissa qo‘shmoq,sotib olmoq,qochib ketmoq
612,vermitteln,vositachilik qilmoq,yashirmoq,unutmoq
613,kritikfähig,tanqidni qabul qila oladigan,befarq,yumshoq
614,die Verpflichtung,majburiyat,mashina,oyna
615,üblicherweise,odatda,doimo,to‘satdan
616,sich konzentrieren,diqqatni jamlamoq,sotmoq,qochmoq
617,zuvorkommend,xushmuomala,qo‘pol,asabiy
618,der Einfluss,ta’sir,muz,gul
619,beispielsweise,masalan,hech qachon,erta
620,sich weiterentwickeln,o‘zini rivojlantirmoq,qochmoq,sotmoq
621,hilfreich,yordam beruvchi,zararli,qo‘pol
622,die Gelegenheit,imkoniyat,telefon,qalam
623,allerdings,biroq,umuman,kecha
624,beweisen,isbotlamoq,inkor qilmoq,unutmoq
625,selbstständig,mustaqil,qaram,uyatchan
626,der Unterschied,farq,sumka,muz
627,trotzdem,shunga qaramay,doimo,to‘satdan
628,sich beschweren,shikoyat qilmoq,maqtamoq,qochmoq
629,interessiert,qiziqqan,befarq,zerikarli
630,die Verantwortung,mas’uliyat,mashina,oyna
631,Erfahrung sammeln,tajriba orttirmoq,sotib olmoq,qochib ketmoq
632,entwickeln,rivojlantirmoq,kamaytirmoq,berkitmoq
633,humorvoll,hazilkash,jiddiy,asabiy
634,der Bereich,soha,muz,qalam
635,mittlerweile,hozirgacha,hech qachon,erta
636,beanstanden,e’tiroz bildirmoq,maqtamoq,unutmoq
637,selbstbewusst,o‘ziga ishongan,uyatchan,befarq
638,die Auswahl,tanlov,sumka,telefon
639,andererseits,boshqa tomondan,umuman,to‘satdan
640,sich vorbereiten,tayyorlanmoq,uxlamoq,qochmoq
641,nützlich,foydali,zararli,zerikarli
642,der Eindruck,taassurot,mashina,gul
643,wahrscheinlich,ehtimol,doimo,kecha
644,verändern,o‘zgartirmoq,saqlamoq,sotmoq
645,auffällig,ajralib turuvchi,oddiy,befarq
646,die Beziehung,munosabat,muz,oyna
647,zur Verfügung stehen,ixtiyorda bo‘lmoq,sotib olmoq,qochib ketmoq
648,diskutieren,muhokama qilmoq,jim turmoq,berkitmoq
649,zuverlässig,ishonchli,aldamchi,qo‘pol
650,der Nachteil,kamchilik,telefon,qalam
651,anders,boshqacha,bir xil,erta
652,sich anpassen,moslashmoq,qochmoq,unutmoq
653,aktiv,faol,dangasa,uyatchan
654,die Wirkung,ta’sir,mashina,sumka
655,deswegen,shu sababli,umuman,to‘satdan
656,anerkennen,tan olmoq,inkor qilmoq,sotmoq
657,kompliziert,murakkab,oson,oddiy
658,der Fortschritt,rivojlanish,muz,qalam
659,beziehungsweise,yoki,hech qachon,kecha
660,sich beschäftigen,shug‘ullanmoq,sakrash,qochmoq
661,zur Kenntnis nehmen,ma’lumot sifatida qabul qilmoq,sotib olmoq,qochib ketmoq
662,erfolgreich,muvaffaqiyatli,muvaffaqiyatsiz,befarq
663,die Meinung,fikr,telefon,oyna
664,gelegentlich,ba’zida,doimo,to‘satdan
665,vergleichen,taqqoslamoq,ajratmoq,berkitmoq
666,vorsichtig,ehtiyotkor,beparvo,jasur
667,der Zustand,holat,muz,gul
668,allmählich,asta-sekin,hech qachon,erta
669,sich einigen,kelishmoq,bekor qilmoq,unutmoq
670,freundlich,xushmuomala,qo‘pol,asabiy
671,Kritik üben,tanqid bildirmoq,sotib olmoq,qochib ketmoq
672,überprüfen,tekshirmoq,yashirmoq,qochmoq
673,interessant,qiziqarli,zerikarli,sovuq
674,der Vorschlag,taklif,mashina,oyna
675,in Betracht ziehen,ko‘rib chiqmoq,sotib olmoq,qochib ketmoq
676,sich verhalten,o‘zini tutmoq,jim turmoq,berkitmoq
677,begeistert,juda xursand,xafa,befarq
678,die Erfahrung,tajriba,muz,telefon
679,infolgedessen,natijada,hech qachon,to‘satdan
680,vermeiden,oldini olmoq,takrorlamoq,sotmoq
681,offen,ochiq,yopiq,qorong‘i
682,der Anlass,sabab,sumka,qalam
683,andererseits,boshqa tomondan,umuman,erta
684,sich bemühen,harakat qilmoq,qochmoq,unutmoq
685,genervt,jahli chiqqan,xotirjam,quvnoq
686,die Fähigkeit,qobiliyat,mashina,gul
687,folglich,natijada,doimo,kecha
688,erreichen,erishmoq,yo‘qotmoq,berkitmoq
689,entschlossen,qat’iyatli,ikkilanuvchi,qo‘rqoq
690,der Zusammenhang,bog‘liqlik,muz,oyna
691,eine Stellung nehmen,pozitsiya bildirmoq,sotib olmoq,qochib ketmoq
692,mitteilen,xabar bermoq,yashirmoq,unutmoq
693,bequem,qulay,noqulay,qimmat
694,die Verpflichtung,majburiyat,telefon,sumka
695,übrigens,aytgancha,hech qachon,to‘satdan
696,unterbrechen,bo‘lmoq,davom ettirmoq,sotmoq
697,hilfsbereit,yordamchi,qo‘pol,dangasa
698,der Einfluss,ta’sir,muz,qalam
699,tatsächlich,haqiqatda,umuman,erta
700,sich entscheiden,qaror qilmoq,ikkilanmoq,qochmoq
701,anstrengend,mashaqqatli,oson,qulay
702,die Voraussetzung,shart,mashina,gul
703,deshalb,shu sababli,hech qachon,kecha
704,beantragen,ariza topshirmoq,sotib olmoq,unutmoq
705,seltsam,g‘alati,oddiy,befarq
706,der Vorteil,afzallik,sumka,oyna
707,beispielsweise,masalan,umuman,to‘satdan
708,sich konzentrieren,diqqatni jamlamoq,berkitmoq,qochmoq
709,verantwortlich,mas’uliyatli,beparvo,uyatchan
710,einen Eindruck machen,taassurot qoldirmoq,sotib olmoq,qochib ketmoq
711,vermitteln,vositachilik qilmoq,yashirmoq,unutmoq
712,kritisch,tanqidiy,befarq,yumshoq
713,die Beziehung,munosabat,muz,qalam
714,allerdings,biroq,doimo,erta
715,sich vorbereiten,tayyorlanmoq,uxlamoq,sotmoq
716,zuversichtlich,ishonchli,umidsiz,befarq
717,der Fortschritt,rivojlanish,telefon,oyna
718,gelegentlich,ba’zida,hech qachon,kecha
719,diskutieren,muhokama qilmoq,jim turmoq,berkitmoq
720,humorvoll,hazilkash,jiddiy,asabiy
721,eine Verantwortung übernehmen,mas’uliyatni o‘z zimmasiga olmoq,sotib olmoq,qochib ketmoq
722,entwickeln,rivojlantirmoq,kamaytirmoq,unutmoq
723,auffällig,ajralib turuvchi,oddiy,zerikarli
724,der Bereich,soha,muz,qalam
725,unter Druck stehen,bosim ostida bo‘lmoq,sotib olmoq,qochib ketmoq
726,vergleichen,taqqoslamoq,ajratmoq,qochmoq
727,entspannt,xotirjam,asabiy,qattiqqo‘l
728,die Gelegenheit,imkoniyat,telefon,gul
729,andernfalls,aks holda,doimo,kecha
730,sich äußern,fikr bildirmoq,jim turmoq,berkitmoq
731,nützlich,foydali,zararli,befarq
732,der Unterschied,farq,sumka,oyna
733,allmählich,asta-sekin,hech qachon,erta
734,beweisen,isbotlamoq,inkor qilmoq,sotmoq
735,selbstständig,mustaqil,qaram,uyatchan
736,die Unterstützung,yordam,muz,qalam
737,wahrscheinlich,ehtimol,umuman,to‘satdan
738,sich beschäftigen,shug‘ullanmoq,qochmoq,unutmoq
739,offen,ochiq,yopiq,qorong‘i
740,der Eindruck,taassurot,mashina,telefon
741,Erfahrung austauschen,tajriba almashmoq,sotib olmoq,qochib ketmoq
742,unterstützen,qo‘llab-quvvatlamoq,tashlab ketmoq,berkitmoq
743,genervt,jahli chiqqan,xotirjam,quvnoq
744,die Verantwortung,mas’uliyat,muz,oyna
745,zur Diskussion stehen,muhokamada bo‘lmoq,sotib olmoq,qochib ketmoq
746,erklären,tushuntirmoq,rad qilmoq,unutmoq
747,interessiert,qiziqqan,befarq,zerikarli
748,der Nachweis,isbot,sumka,qalam
749,beziehungsweise,yoki,umuman,erta
750,sich beschweren,shikoyat qilmoq,maqtamoq,sotmoq
751,freundlich,xushmuomala,qo‘pol,asabiy
752,die Wirkung,ta’sir,muz,gul
753,daher,shu sababli,hech qachon,to‘satdan
754,verbessern,yaxshilamoq,buzmoq,berkitmoq
755,kompliziert,murakkab,oson,befarq
756,der Zustand,holat,telefon,oyna
757,zur Verfügung stellen,taqdim etmoq,sotib olmoq,qochib ketmoq
758,sich einigen,kelishmoq,bekor qilmoq,qochmoq
759,beunruhigt,xavotirlangan,xotirjam,quvnoq
760,die Auswahl,tanlov,mashina,sumka
761,einen Beitrag leisten,hissa qo‘shmoq,sotib olmoq,qochib ketmoq
762,anerkennen,tan olmoq,inkor qilmoq,unutmoq
763,aktiv,faol,dangasa,uyatchan
764,der Vorschlag,taklif,muz,qalam
765,deshalb,shu sababli,umuman,erta
766,sich anpassen,moslashmoq,qochmoq,sotmoq
767,hilfreich,yordam beruvchi,zararli,qo‘pol
768,die Entwicklung,rivojlantirish,telefon,gul
769,trotzdem,shunga qaramay,hech qachon,kecha
770,beanstanden,e’tiroz bildirmoq,maqtamoq,berkitmoq
771,verlässlich,ishonchli,aldamchi,befarq
772,der Zusammenhang,bog‘liqlik,mashina,oyna
773,Kritik üben,tanqid bildirmoq,sotib olmoq,qochib ketmoq
774,erreichen,erishmoq,yo‘qotmoq,unutmoq
775,vorsichtig,ehtiyotkor,beparvo,jasur
776,die Fähigkeit,qobiliyat,muz,qalam
777,anders,boshqacha,bir xil,erta
778,sich verhalten,o‘zini tutmoq,qochmoq,sotmoq
779,humorvoll,hazilkash,jiddiy,asabiy
780,der Einfluss,ta’sir,sumka,telefon
781,in Kontakt bleiben,aloqada qolmoq,sotib olmoq,qochib ketmoq
782,mitteilen,xabar bermoq,yashirmoq,berkitmoq
783,zuverlässig,ishonchli,aldamchi,befarq
784,die Erfahrung,tajriba,mashina,gul
785,allerdings,biroq,umuman,erta
786,verändern,o‘zgartirmoq,saqlamoq,unutmoq
787,interessant,qiziqarli,zerikarli,sovuq
788,der Bereich,soha,muz,oyna
789,eine Rolle spielen,muhim rol o‘ynamoq,sotib olmoq,qochib ketmoq
790,sich bemühen,harakat qilmoq,qochmoq,sotmoq
791,begeistert,juda xursand,xafa,befarq
792,die Meinung,fikr,telefon,qalam
793,allmählich,asta-sekin,hech qachon,to‘satdan
794,vergleichen,taqqoslamoq,ajratmoq,berkitmoq
795,entschlossen,qat’iyatli,ikkilanuvchi,qo‘rqoq
796,der Anlass,sabab,muz,sumka
797,daher,shu sababli,umuman,kecha
798,sich vorbereiten,tayyorlanmoq,uxlamoq,unutmoq
799,überzeugend,ishonarli,ishonchsiz,befarq
800,die Verpflichtung,majburiyat,telefon,oyna
801,sich durchsetzen,o‘z fikrini o‘tkazmoq,qochib ketmoq,unutmoq
802,überfordert,o‘ta charchagan,xotirjam,quvnoq
803,die Voraussetzung,shart,muz,telefon
804,infolgedessen,natijada,hech qachon,erta
805,beitragen,hissa qo‘shmoq,sotmoq,berkitmoq
806,verantwortungsbewusst,mas’uliyatli,beparvo,uyatchan
807,der Zusammenhang,bog‘liqlik,sumka,qalam
808,andernfalls,aks holda,umuman,kecha
809,sich engagieren,faol qatnashmoq,qochmoq,sakrash
810,beunruhigt,xavotirlangan,xotirjam,quvnoq
811,einen Beitrag leisten,hissa qo‘shmoq,sotib olmoq,qochib ketmoq
812,vermitteln,vositachilik qilmoq,yashirmoq,unutmoq
813,kritikfähig,tanqidni qabul qila oladigan,befarq,yumshoq
814,die Verpflichtung,majburiyat,mashina,oyna
815,üblicherweise,odatda,doimo,to‘satdan
816,sich konzentrieren,diqqatni jamlamoq,sotmoq,qochmoq
817,zuvorkommend,xushmuomala,qo‘pol,asabiy
818,der Einfluss,ta’sir,muz,gul
819,beispielsweise,masalan,hech qachon,erta
820,sich weiterentwickeln,o‘zini rivojlantirmoq,qochmoq,sotmoq
821,hilfreich,yordam beruvchi,zararli,qo‘pol
822,die Gelegenheit,imkoniyat,telefon,qalam
823,allerdings,biroq,umuman,kecha
824,beweisen,isbotlamoq,inkor qilmoq,unutmoq
825,selbstständig,mustaqil,qaram,uyatchan
826,der Unterschied,farq,sumka,muz
827,trotzdem,shunga qaramay,doimo,to‘satdan
828,sich beschweren,shikoyat qilmoq,maqtamoq,qochmoq
829,interessiert,qiziqqan,befarq,zerikarli
830,die Verantwortung,mas’uliyat,mashina,oyna
831,Erfahrung sammeln,tajriba orttirmoq,sotib olmoq,qochib ketmoq
832,entwickeln,rivojlantirmoq,kamaytirmoq,berkitmoq
833,humorvoll,hazilkash,jiddiy,asabiy
834,der Bereich,soha,muz,qalam
835,mittlerweile,hozirgacha,hech qachon,erta
836,beanstanden,e’tiroz bildirmoq,maqtamoq,unutmoq
837,selbstbewusst,o‘ziga ishongan,uyatchan,befarq
838,die Auswahl,tanlov,sumka,telefon
839,andererseits,boshqa tomondan,umuman,to‘satdan
840,sich vorbereiten,tayyorlanmoq,uxlamoq,qochmoq
841,nützlich,foydali,zararli,zerikarli
842,der Eindruck,taassurot,mashina,gul
843,wahrscheinlich,ehtimol,doimo,kecha
844,verändern,o‘zgartirmoq,saqlamoq,sotmoq
845,auffällig,ajralib turuvchi,oddiy,befarq
846,die Beziehung,munosabat,muz,oyna
847,zur Verfügung stehen,ixtiyorda bo‘lmoq,sotib olmoq,qochib ketmoq
848,diskutieren,muhokama qilmoq,jim turmoq,berkitmoq
849,zuverlässig,ishonchli,aldamchi,qo‘pol
850,der Nachteil,kamchilik,telefon,qalam
851,anders,boshqacha,bir xil,erta
852,sich anpassen,moslashmoq,qochmoq,unutmoq
853,aktiv,faol,dangasa,uyatchan
854,die Wirkung,ta’sir,mashina,sumka
855,deswegen,shu sababli,umuman,to‘satdan
856,anerkennen,tan olmoq,inkor qilmoq,sotmoq
857,kompliziert,murakkab,oson,oddiy
858,der Fortschritt,rivojlanish,muz,qalam
859,beziehungsweise,yoki,hech qachon,kecha
860,sich beschäftigen,shug‘ullanmoq,sakrash,qochmoq
861,zur Kenntnis nehmen,ma’lumot sifatida qabul qilmoq,sotib olmoq,qochib ketmoq
862,erfolgreich,muvaffaqiyatli,muvaffaqiyatsiz,befarq
863,die Meinung,fikr,telefon,oyna
864,gelegentlich,ba’zida,doimo,to‘satdan
865,vergleichen,taqqoslamoq,ajratmoq,berkitmoq
866,vorsichtig,ehtiyotkor,beparvo,jasur
867,der Zustand,holat,muz,gul
868,allmählich,asta-sekin,hech qachon,erta
869,sich einigen,kelishmoq,bekor qilmoq,unutmoq
870,freundlich,xushmuomala,qo‘pol,asabiy
871,Kritik üben,tanqid bildirmoq,sotib olmoq,qochib ketmoq
872,überprüfen,tekshirmoq,yashirmoq,qochmoq
873,interessant,qiziqarli,zerikarli,sovuq
874,der Vorschlag,taklif,mashina,oyna
875,in Betracht ziehen,ko‘rib chiqmoq,sotib olmoq,qochib ketmoq
876,sich verhalten,o‘zini tutmoq,jim turmoq,berkitmoq
877,begeistert,juda xursand,xafa,befarq
878,die Erfahrung,tajriba,muz,telefon
879,infolgedessen,natijada,hech qachon,to‘satdan
880,vermeiden,oldini olmoq,takrorlamoq,sotmoq
881,offen,ochiq,yopiq,qorong‘i
882,der Anlass,sabab,sumka,qalam
883,andererseits,boshqa tomondan,umuman,erta
884,sich bemühen,harakat qilmoq,qochmoq,unutmoq
885,genervt,jahli chiqqan,xotirjam,quvnoq
886,die Fähigkeit,qobiliyat,mashina,gul
887,folglich,natijada,doimo,kecha
888,erreichen,erishmoq,yo‘qotmoq,berkitmoq
889,entschlossen,qat’iyatli,ikkilanuvchi,qo‘rqoq
890,der Zusammenhang,bog‘liqlik,muz,oyna
891,eine Stellung nehmen,pozitsiya bildirmoq,sotib olmoq,qochib ketmoq
892,mitteilen,xabar bermoq,yashirmoq,unutmoq
893,bequem,qulay,noqulay,qimmat
894,die Verpflichtung,majburiyat,telefon,sumka
895,übrigens,aytgancha,hech qachon,to‘satdan
896,unterbrechen,bo‘lmoq,davom ettirmoq,sotmoq
897,hilfsbereit,yordamchi,qo‘pol,dangasa
898,der Einfluss,ta’sir,muz,qalam
899,tatsächlich,haqiqatda,umuman,erta
900,sich entscheiden,qaror qilmoq,ikkilanmoq,qochmoq
901,anstrengend,mashaqqatli,oson,qulay
902,die Voraussetzung,shart,mashina,gul
903,deshalb,shu sababli,hech qachon,kecha
904,beantragen,ariza topshirmoq,sotib olmoq,unutmoq
905,seltsam,g‘alati,oddiy,befarq
906,der Vorteil,afzallik,sumka,oyna
907,beispielsweise,masalan,umuman,to‘satdan
908,sich konzentrieren,diqqatni jamlamoq,berkitmoq,qochmoq
909,verantwortlich,mas’uliyatli,beparvo,uyatchan
910,einen Eindruck machen,taassurot qoldirmoq,sotib olmoq,qochib ketmoq
911,vermitteln,vositachilik qilmoq,yashirmoq,unutmoq
912,kritisch,tanqidiy,befarq,yumshoq
913,die Beziehung,munosabat,muz,qalam
914,allerdings,biroq,doimo,erta
915,sich vorbereiten,tayyorlanmoq,uxlamoq,sotmoq
916,zuversichtlich,ishonchli,umidsiz,befarq
917,der Fortschritt,rivojlanish,telefon,oyna
918,gelegentlich,ba’zida,hech qachon,kecha
919,diskutieren,muhokama qilmoq,jim turmoq,berkitmoq
920,humorvoll,hazilkash,jiddiy,asabiy
921,eine Verantwortung übernehmen,mas’uliyatni o‘z zimmasiga olmoq,sotib olmoq,qochib ketmoq
922,entwickeln,rivojlantirmoq,kamaytirmoq,unutmoq
923,auffällig,ajralib turuvchi,oddiy,zerikarli
924,der Bereich,soha,muz,qalam
925,unter Druck stehen,bosim ostida bo‘lmoq,sotib olmoq,qochib ketmoq
926,vergleichen,taqqoslamoq,ajratmoq,qochmoq
927,entspannt,xotirjam,asabiy,qattiqqo‘l
928,die Gelegenheit,imkoniyat,telefon,gul
929,andernfalls,aks holda,doimo,kecha
930,sich äußern,fikr bildirmoq,jim turmoq,berkitmoq
931,nützlich,foydali,zararli,befarq
932,der Unterschied,farq,sumka,oyna
933,allmählich,asta-sekin,hech qachon,erta
934,beweisen,isbotlamoq,inkor qilmoq,sotmoq
935,selbstständig,mustaqil,qaram,uyatchan
936,die Unterstützung,yordam,muz,qalam
937,wahrscheinlich,ehtimol,umuman,to‘satdan
938,sich beschäftigen,shug‘ullanmoq,qochmoq,unutmoq
939,offen,ochiq,yopiq,qorong‘i
940,der Eindruck,taassurot,mashina,telefon
941,Erfahrung austauschen,tajriba almashmoq,sotib olmoq,qochib ketmoq
942,unterstützen,qo‘llab-quvvatlamoq,tashlab ketmoq,berkitmoq
943,genervt,jahli chiqqan,xotirjam,quvnoq
944,die Verantwortung,mas’uliyat,muz,oyna
945,zur Diskussion stehen,muhokamada bo‘lmoq,sotib olmoq,qochib ketmoq
946,erklären,tushuntirmoq,rad qilmoq,unutmoq
947,interessiert,qiziqqan,befarq,zerikarli
948,der Nachweis,isbot,sumka,qalam
949,beziehungsweise,yoki,umuman,erta
950,sich beschweren,shikoyat qilmoq,maqtamoq,sotmoq
951,freundlich,xushmuomala,qo‘pol,asabiy
952,die Wirkung,ta’sir,muz,gul
953,daher,shu sababli,hech qachon,to‘satdan
954,verbessern,yaxshilamoq,buzmoq,berkitmoq
955,kompliziert,murakkab,oson,befarq
956,der Zustand,holat,telefon,oyna
957,zur Verfügung stellen,taqdim etmoq,sotib olmoq,qochib ketmoq
958,sich einigen,kelishmoq,bekor qilmoq,qochmoq
959,beunruhigt,xavotirlangan,xotirjam,quvnoq
960,die Auswahl,tanlov,mashina,sumka
961,einen Beitrag leisten,hissa qo‘shmoq,sotib olmoq,qochib ketmoq
962,anerkennen,tan olmoq,inkor qilmoq,unutmoq
963,aktiv,faol,dangasa,uyatchan
964,der Vorschlag,taklif,muz,qalam
965,deshalb,shu sababli,umuman,erta
966,sich anpassen,moslashmoq,qochmoq,sotmoq
967,hilfreich,yordam beruvchi,zararli,qo‘pol
968,die Entwicklung,rivojlantirish,telefon,gul
969,trotzdem,shunga qaramay,hech qachon,kecha
970,beanstanden,e’tiroz bildirmoq,maqtamoq,berkitmoq
971,verlässlich,ishonchli,aldamchi,befarq
972,der Zusammenhang,bog‘liqlik,mashina,oyna
973,Kritik üben,tanqid bildirmoq,sotib olmoq,qochib ketmoq
974,erreichen,erishmoq,yo‘qotmoq,unutmoq
975,vorsichtig,ehtiyotkor,beparvo,jasur
976,die Fähigkeit,qobiliyat,muz,qalam
977,anders,boshqacha,bir xil,erta
978,sich verhalten,o‘zini tutmoq,qochmoq,sotmoq
979,humorvoll,hazilkash,jiddiy,asabiy
980,der Einfluss,ta’sir,sumka,telefon
981,in Kontakt bleiben,aloqada qolmoq,sotib olmoq,qochib ketmoq
982,mitteilen,xabar bermoq,yashirmoq,berkitmoq
983,zuverlässig,ishonchli,aldamchi,befarq
984,die Erfahrung,tajriba,mashina,gul
985,allerdings,biroq,umuman,erta
986,verändern,o‘zgartirmoq,saqlamoq,unutmoq
987,interessant,qiziqarli,zerikarli,sovuq
988,der Bereich,soha,muz,oyna
989,eine Rolle spielen,muhim rol o‘ynamoq,sotib olmoq,qochib ketmoq
990,sich bemühen,harakat qilmoq,qochmoq,sotmoq
991,begeistert,juda xursand,xafa,befarq
992,die Meinung,fikr,telefon,qalam
993,allmählich,asta-sekin,hech qachon,to‘satdan
994,vergleichen,taqqoslamoq,ajratmoq,berkitmoq
995,entschlossen,qat’iyatli,ikkilanuvchi,qo‘rqoq
996,der Anlass,sabab,muz,sumka
997,daher,shu sababli,umuman,kecha
998,sich vorbereiten,tayyorlanmoq,uxlamoq,unutmoq
999,überzeugend,ishonarli,ishonchsiz,befarq
1000,die Verpflichtung,majburiyat,telefon,oyna