level,category,title,message_id
A1,literatur,Gefährliche-Spaziergange,5
A1,wortliste,A1-Arena-Wortliste,2
A1,wortliste,A1-Goethe-Wortliste,3
A1,wortliste,A1-VIZU-Wortliste,4
A1,wortliste,Nemischa-Ozbekcha-Lugat,7
A2,wortliste,Nemischa-Ozbekcha-Lugat,7
A2,wortliste,Goethe-Wortliste A2,8
B1,wortliste,Nemischa-Ozbekcha-Lugat,7
B1,wortliste,Goethe-Wortliste B1,9
B2,wortliste,Nemischa-Ozbekcha-Lugat,7
B2,wortliste,Kompass-B2-Wortliste,16
B2,wortliste,Mittelpunkt-B2-Wortliste,17
B2,wortliste,Sicher-B2-Wortliste,18
B2,wortliste,Vielfalt-B2-Wortliste,19
B2,wortliste,Weitblick-B2-Wortliste,20
B2,wortliste,Werkstatt-B2-Wortliste,21
B2,wortliste,Aspekte-B2-Wortliste,22
B2,wortliste,Erkundungen-B2-Wortliste,23
C1,literatur,Das Verschwinden der Sterne,6
C1,wortliste,Nemischa-Ozbekcha-Lugat,7
C1,wortliste,Sicher-C1-Wortliste,10
C1,wortliste,Aspekte-C1-Wortliste,11
C1,wortliste,Erkundungen-C1-Wortliste,12
C1,wortliste,Kompass-C1-Wortliste,13
C1,wortliste,Mittelpunkt-C1-Wortliste,14
C1,wortliste,Vielfalt-C1.1-Wortliste,15
A1,vorbereitung,Spektrum-A1,24
A2,vorbereitung,Spektrum-A2,25
B1,vorbereitung,Spektrum-B1,26
B2,vorbereitung,Spektrum-Deutsch-B2,27
A1,vorbereitung,Schritte-Plus-Neu-A1.1,28
A1,vorbereitung,Schritte-Plus-Neu-A1.2,29
A2,vorbereitung,Schritte-Plus-Neu-A2.1,30
A2,vorbereitung,Schritte-Plus-Neu-A2.2,31
B1,vorbereitung,Schritte-Plus-Neu-B1.1,32
B1,vorbereitung,Schritte-Plus-Neu-B1.2,33
A1,vorbereitung,Menschen-A1.1-AB,34
A1,vorbereitung,A1.1-AB-Audios,35
A1,vorbereitung,A1.2-KB-Audio,36
A1,vorbereitung,Menschen-A1.2-KB,37
A2,vorbereitung,Menschen-A2.1,38
A2,vorbereitung,Menschen-A2.2,39
B1,vorbereitung,Menschen-B1-Kursbuch,40
B1,vorbereitung,Menschen-B1-Arbeitsbuch,41
A2,literatur,Der-Umzug-nach-Hamburg,42
A2,literatur,Ein-Hund-namens-Money,43
B1,literatur,Harry-Potter-und-Der-Stein-der-Weisen,44
B1,literatur,Harry-Potter-und-der-Orden-des-Phoenix,45
B1,literatur,Harry-Potter-und-die-Kammer-des-Schreckens,46
B1,literatur,Harry-Potter-und-der-Gefangene-von-Askaban,47
B2,literatur,Harry-Potter-und-Der-Stein-der-Weisen,44
B2,literatur,Harry-Potter-und-die-Kammer-des-Schreckens,46
B2,literatur,Harry-Potter-und-der-Gefangene-von-Askaban,47
B2,literatur,Harry-Potter-und-der-Feuerkelch,48
B2,literatur,Harry-Potter-und-der-Orden-des-Phoenix,45
B2,literatur,Harry-Potter-und-der-Halbblutprinz,49
B2,literatur,Harry-Potter-und-die-Heiligtumer-des-Todes,50
C1,vorbereitung,Sicher-C1.1-Kursbuch,51
C1,vorbereitung,Sicher-C1.1-Arbeitsbuch,52
C1,vorbereitung,Sicher-C1.1-CD-zum-Arbeitsbuch,53
C1,vorbereitung,Sicher-C1.1-CD-zum-Kursbuch,54
C1,vorbereitung,Sicher-C1.2-Kursbuch,55
C1,vorbereitung,Sicher-C1.2-KB-Losungen,56
C1,vorbereitung,Sicher-C1.2-KB-Audios,57
C1,vorbereitung,Sicher-C1.2-KB-Transkript,58
C1,vorbereitung,Sicher-C1.2-AB-Losungen,59
C1,vorbereitung,Sicher-C1.2-Arbeitsbuch,60
C1,vorbereitung,Sicher-C1.2-DVD-Transkript,61
C1,vorbereitung,Sicher-C1.2-AB-Audios,62
C1,vorbereitung,Sicher-C1.2-AB-Transkription,63
B1,vorbereitung,Werkstatt-B1,64
B2,vorbereitung,Werkstatt-B2,65
C1,vorbereitung,Werkstatt-C1-Lehr-und-Arbeitsbuch,66
B2,vorbereitung,So-gehts-zum-DSD-II-B2-C1,67
B2,vorbereitung,Projekt-B2-NEU,68
B2,vorbereitung,B2-Telc,69
C1,vorbereitung,Projekt-C1-Neu-Lehrerbuch,70
C1,vorbereitung,Projekt-C1-Neu,71
B1,vorbereitung,Projekt-B1-Neu,72
B1,vorbereitung,Projekt-B1-MP3,73
B2,literatur,Der-Vorleser,74
C1,literatur,Die-Elenden-Victor-Hugo,75
C1,literatur,Hermann-Hesse-Der-Steppenwolf,76
C1,literatur,Steppenwolf,77
B2,literatur,Brockhaus-Literaturcomics-Odyssee,78
B2,literatur,Brockhaus-Literaturcomics-Oliver-Twist,79
B2,literatur,Brockhaus-Literaturcomics-Der-letzte-Mohikaner,80
A2,literatur,Hasen,81
A2,literatur,Ferkel,82
B2,literatur,Enkelin,83
C1,literatur,Jeder-ist-kauflich,84
B1,literatur,Spuk-im-Nachbarhaus,85
B1,literatur,Der-Kleine-Muck,86
B1,literatur,Problem,87
B1,literatur,Ein-Fall-fur...,88
B1,literatur,Die-Neue,89
B2,literatur,George-Orwell-Farm-der-Tiere,90
B2,literatur,G-Orwell-Farm-der-Tiere Audio,91
B2,literatur,Uber-Bord,92
B1,literatur,Wilhelm-Hauff-Marchen,93
B2,literatur,Vom-Ende-der-Einsamkeit,94
B1,literatur,Ein-Fall-auf-Ruegen,95
B1,literatur,Bruder-Grimm,96
C1,literatur,Caspar-Hauser-Jakob-Wassermann,97
C1,literatur,Rausch-der-Verwandlung-Stefan-Zweig,98
C1,literatur,Die-Welt-von-Gestern-Stefan-Zweig,99
B1,literatur,Ausgetrickst,100
B1,literatur,Der-80-Geburtstag,101
B1,literatur,Fridolin,102
B1,literatur,Die-Mullmafia,103
B1,literatur,Glueck-gehabt,104
B1,literatur,Glueck-gehabt-Audio,105
B2,literatur,Der-Hund-von-Baskerville,106
B1,literatur,Erich-ist-verschwunden,107
B1,literatur,Luchschie-Nemetskie-Skazki,108
B1,literatur,Haifische,109
B1,literatur,Das-letzte-Hindernis-Stufe-2,110
B2,literatur,Stille-Nacht-Stufe-3,111
B2,literatur,Leichte-Beute-Stufe-3,112
B2,literatur,Gebrochene-Herzen,113
B1,literatur,Der-gestiefelte-Kater-und-Hansel-und-Gretel,114
B1,literatur,Peter-Pan,115
B1,literatur,Schneewittchen-und-die-sieben-Zwerge-und-Pinocchio,116
B1,literatur,Aladin-und-Der-Rattenfanger-von-Hameln,117
B1,literatur,Pollyanna,118
B2,literatur,Der-Alchimist,119
B1,literatur,Der-Mann-ohne-Gesicht,120
C1,literatur,Hundeherz-Michail-Bulgakow,121
C1,literatur,Die-Verwandlung-Franz-Kafka,122
C1,literatur,Die-Verwandlung-Franz-Kafka-Audio,123
B2,literatur,Mein-Onkel-Franz-Erich-Kastner,124
C1,literatur,Alexander-Puschkin-Romane-und-Novellen,125
C1,literatur,Sternstunden-der-Menschheit-Stefan-Zweig,126
C1,literatur,Gesammelte-Werke-Victor-Hugo,127
C1,literatur,Eugen-Onegin-Alexander-Puschkin,128
C1,literatur,Konigin-Margot-Alexandre-Dumas,129
C1,literatur,Der-Kaufmann-von-Venedig-Shakespeare,130
C1,literatur,Der-Spieler-Dostojewski,131
C1,literatur,Kabale-und-Liebe,132
C1,literatur,Die-Leiden-des-jungen-Werther,133
B1,literatur,Willkommen-im-Kinder-Marchenland,134
C1,literatur,Die-Rauber,135
B2,literatur,Der-Weg-zuruck,136
B2,literatur,Das-spate-Leben,137
B2,literatur,Das-spate-Leben-EPUB,138
C1,literatur,Abschiedsfarben-EPUB,139
C1,literatur,Abschiedsfarben,140
